Epoch,Train_Loss,Train_Accuracy,Val_Loss,Val_Accuracy,Val_F1
1,0.8132420128569405,0.4854014598540146,0.6898367994026451,0.5408560311284046,0.351010101010101
2,0.7019029868200167,0.5060827250608273,0.691508043137042,0.5408560311284046,0.351010101010101
3,0.6974775344205889,0.5034063260340632,0.6907203011939498,0.5408560311284046,0.351010101010101
4,0.7031851239157999,0.5094890510948905,0.7004368987064881,0.46303501945525294,0.32415784132973174
5,0.6963742819435695,0.5250608272506083,0.6941790114580889,0.5408560311284046,0.351010101010101
6,0.6969856603592272,0.5099756690997567,0.6925949387049397,0.5447470817120622,0.467286739303747
7,0.6968407935179644,0.4978102189781022,0.6899744638673062,0.5408560311284046,0.351010101010101
8,0.6989890477083025,0.5046228710462287,0.6925296509776134,0.5408560311284046,0.351010101010101
