Epoch,Train_Loss,Train_Accuracy,Val_Loss,Val_Accuracy,Val_F1
1,0.862709943243054,0.5063645621181263,0.6919129789482552,0.5845213849287169,0.36889460154241643
2,0.6962615744402355,0.5073828920570265,0.6789829091239121,0.5845213849287169,0.36889460154241643
3,0.6960524684785583,0.5196028513238289,0.6791494727863071,0.5845213849287169,0.36889460154241643
4,0.6966204638393736,0.5196028513238289,0.6827629945428697,0.5845213849287169,0.36889460154241643
5,0.6963711796127366,0.5224032586558045,0.6795576265775988,0.5845213849287169,0.36889460154241643
6,0.6965630912732204,0.5183299389002036,0.7391367673631113,0.4154786150712831,0.2935251798561151
7,0.6947858414921887,0.535132382892057,0.7214361523902101,0.4154786150712831,0.2935251798561151
8,0.7020852428589722,0.5073828920570265,0.6804876430699879,0.5845213849287169,0.36889460154241643
9,0.6934619822715791,0.535132382892057,0.7291140801552114,0.4154786150712831,0.2935251798561151
