Epoch,Train_Loss,Train_Accuracy,Val_Loss,Val_Accuracy,Val_F1
1,0.8247687867538414,0.5087939698492462,0.6910113867028171,0.535140562248996,0.3485938521909745
2,0.6946909362347282,0.5231155778894472,0.7119536895349802,0.464859437751004,0.317340644276902
3,0.7016725383811261,0.5148241206030151,0.6936417533211918,0.464859437751004,0.317340644276902
4,0.6946577268629218,0.5213567839195979,0.7127512650317457,0.535140562248996,0.3485938521909745
5,0.7018454280330907,0.4949748743718593,0.6926910195005945,0.535140562248996,0.3485938521909745
6,0.6950550477109363,0.5288944723618091,0.718876789851361,0.464859437751004,0.317340644276902
7,0.7000180237856343,0.5027638190954774,0.6973686412156347,0.535140562248996,0.3485938521909745
8,0.6954308174962375,0.5213567839195979,0.693455426329111,0.535140562248996,0.3485938521909745
