Epoch,Train_Loss,Train_Accuracy,Val_Loss,Val_Accuracy,Val_F1
1,0.7989192249996414,0.5414803775459514,0.6804750728630854,0.579940417080437,0.3670647391577624
2,0.689144348808029,0.563338301043219,0.6881584457631381,0.579940417080437,0.3670647391577624
3,0.6896768247258053,0.5615996025832092,0.6872226542015417,0.579940417080437,0.3670647391577624
4,0.6863499556497383,0.5541480377545951,0.6925465735091708,0.579940417080437,0.3670647391577624
5,0.686048512635276,0.5673124689518132,0.6885850718383637,0.579940417080437,0.3670647391577624
6,0.6930650032046299,0.5474416294088426,0.7148916814864688,0.4200595829195631,0.2958041958041958
7,0.6898931572819845,0.5536512667660208,0.6917402926599375,0.579940417080437,0.3670647391577624
8,0.6897556181280873,0.5541480377545951,0.6823053640547433,0.579940417080437,0.3670647391577624
