Epoch,Train_Loss,Train_Accuracy,Val_Loss,Val_Accuracy,Val_F1
1,0.8636618384780606,0.4964677222898904,0.7007736170767809,0.5394352482960078,0.3504111321948134
2,0.6973302564289915,0.5110840438489647,0.690050128604328,0.5394352482960078,0.3504111321948134
3,0.6964880225864601,0.5054811205846529,0.6924581724457523,0.5394352482960078,0.3504111321948134
4,0.6991211570427276,0.4930572472594397,0.7004716973806193,0.4605647517039922,0.31533333333333335
5,0.7024360025843808,0.5028014616321559,0.7202693086404067,0.4605647517039922,0.31533333333333335
6,0.6970419538296968,0.5161997563946407,0.6900051226866628,0.5394352482960078,0.3504111321948134
7,0.6949354200647752,0.5105968331303289,0.6919923866387119,0.5394352482960078,0.3504111321948134
8,0.6975915417165908,0.5071863580998782,0.6956421540217599,0.5394352482960078,0.3504111321948134
9,0.6961454673458104,0.5003654080389769,0.6913101417180277,0.5394352482960078,0.3504111321948134
