Epoch,Train_Loss,Train_Accuracy,Val_Loss,Val_Accuracy,Val_F1
1,0.8068918313450809,0.5270069375619425,0.71104630857411,0.5138613861386139,0.3394375408763898
2,0.698121331728131,0.5230426164519326,0.6928350323497658,0.5138613861386139,0.3394375408763898
3,0.6944759671232036,0.5250247770069376,0.7272426827119128,0.5138613861386139,0.3394375408763898
4,0.6971072267493597,0.520812685827552,0.6990616666208399,0.5138613861386139,0.3394375408763898
5,0.6975776126056289,0.5334489593657086,0.6993965099353602,0.4891089108910891,0.33681494036984444
6,0.696752969762615,0.5304757185332012,0.6937164696136323,0.5138613861386139,0.3394375408763898
7,0.6946092311761779,0.52601585728444,0.6953276958796057,0.4861386138613861,0.3271152564956695
8,0.6960950418789866,0.5220515361744301,0.7024781091378467,0.5138613861386139,0.3394375408763898
9,0.699873773737398,0.5158572844400396,0.7032371557585083,0.5138613861386139,0.3394375408763898
