Epoch,Train_Loss,Train_Accuracy,Val_Loss,Val_Accuracy,Val_F1
1,0.7532699030537335,0.5339458907605922,0.7067275494945292,0.5224489795918368,0.34316353887399464
2,0.6924536062357923,0.5456865747830526,0.695897093111155,0.5224489795918368,0.34316353887399464
3,0.6921447172281753,0.5336906584992342,0.7121489247497247,0.5224489795918368,0.34316353887399464
4,0.6904794962628877,0.5454313425216948,0.6987059337752206,0.5224489795918368,0.34316353887399464
5,0.68799370715909,0.5487493619193466,0.7168767642001717,0.5224489795918368,0.34316353887399464
6,0.6958425572296988,0.5393057682491067,0.7025122511143587,0.5224489795918368,0.34316353887399464
7,0.6880908242715384,0.5459418070444104,0.6960801793604481,0.5255102040816326,0.3629914380569631
8,0.6883177036165643,0.5523226135783563,0.6964024268850988,0.5224489795918368,0.34316353887399464
9,0.6893714594256823,0.5510464522715671,0.7146230408123562,0.4775510204081633,0.32320441988950277
