Epoch,Train_Loss,Train_Accuracy,Val_Loss,Val_Accuracy,Val_F1
1,0.8105969750080041,0.5171803941384537,0.6850473973486159,0.5636363636363636,0.36046511627906974
2,0.6939141737987081,0.5255179383527034,0.6994970744306391,0.43636363636363634,0.3037974683544304
3,0.6976156426596485,0.5217281455280445,0.6911060495810075,0.5636363636363636,0.36046511627906974
4,0.6944759689900175,0.5240020212228398,0.6901640350168402,0.5636363636363636,0.36046511627906974
5,0.6967716258303452,0.5197069226882264,0.6932770741106283,0.43737373737373736,0.3146012809820282
6,0.6969876765542226,0.5257705912076807,0.6856922414567735,0.5636363636363636,0.36046511627906974
7,0.6958941247139151,0.5277918140474988,0.7025110473536482,0.5636363636363636,0.36046511627906974
8,0.6939213286149737,0.5293077311773623,0.6851982352709529,0.5636363636363636,0.36046511627906974
