Epoch,Train_Loss,Train_Accuracy,Val_Loss,Val_Accuracy,Val_F1
1,0.7853412256461549,0.5322777101096224,0.6896205835820637,0.5452775073028238,0.35286704473850034
2,0.6951156441390006,0.5310596833130329,0.6900572157532935,0.5452775073028238,0.35286704473850034
3,0.68731897121225,0.5610231425091352,0.6995793691860782,0.5452775073028238,0.35286704473850034
4,0.690593806050727,0.5483556638246041,0.7051584726995711,0.5452775073028238,0.35286704473850034
5,0.6893296976908406,0.5658952496954933,0.6922665186146566,0.5452775073028238,0.35286704473850034
6,0.6906051934128412,0.5580998781973203,0.6909203274572719,0.5452775073028238,0.35286704473850034
7,0.687568364785156,0.5549330085261875,0.6905086024826667,0.5452775073028238,0.35286704473850034
8,0.6871034653120006,0.5605359317904994,0.7105048670276579,0.5452775073028238,0.35286704473850034
