Epoch,Train_Loss,Train_Accuracy,Val_Loss,Val_Accuracy,Val_F1
1,0.8089215608676177,0.5414932680538556,0.69044142401615,0.538160469667319,0.34987277353689566
2,0.6905278524833035,0.5493268053855569,0.7069210684229483,0.538160469667319,0.34987277353689566
3,0.6860284418487782,0.5598531211750306,0.709028480920773,0.538160469667319,0.34987277353689566
4,0.6883255908801477,0.5574051407588739,0.6928873406231053,0.538160469667319,0.34987277353689566
5,0.6922553566269659,0.5547123623011015,0.6928876828540794,0.538160469667319,0.34987277353689566
6,0.6877790782413693,0.5583843329253366,0.7339773321571649,0.538160469667319,0.34987277353689566
7,0.6871870314038953,0.5578947368421052,0.6933444281146951,0.538160469667319,0.34987277353689566
8,0.6919979601624254,0.5512851897184823,0.6929422852577762,0.538160469667319,0.34987277353689566
