Epoch,Train_Loss,Train_Accuracy,Val_Loss,Val_Accuracy,Val_F1
1,0.7411952823204727,0.5186963112683173,0.6911884251267019,0.5303030303030303,0.37541635517759286
2,0.704391244928785,0.511622031328954,0.695566630845118,0.5272727272727272,0.34523809523809523
3,0.6984860193494475,0.5275391611925214,0.6915554279028767,0.5242424242424243,0.34773212100017487
4,0.6924845793742372,0.5247599797877716,0.729407424758179,0.5272727272727272,0.34523809523809523
5,0.6945573055967048,0.527033855482567,0.7008934731435295,0.5272727272727272,0.34523809523809523
6,0.69221258229713,0.5401718039413845,0.7038259344871598,0.4727272727272727,0.32098765432098764
7,0.6923135224166935,0.5217281455280445,0.7045737132881627,0.5232323232323233,0.4855308298358649
8,0.6937715416005189,0.5333501768569985,0.6975442597360322,0.5272727272727272,0.34523809523809523
