Epoch,Train_Loss,Train_Accuracy,Val_Loss,Val_Accuracy,Val_F1
1,0.7496133753282228,0.5163528245787908,0.692838710133392,0.5089108910891089,0.4525769185378157
2,0.6987945397261703,0.5215559960356789,0.7047027548941055,0.5138613861386139,0.3394375408763898
3,0.691880269908338,0.5359266600594648,0.6938673351070669,0.5138613861386139,0.3394375408763898
4,0.6956662704616164,0.5220515361744301,0.7008965828631184,0.5138613861386139,0.3394375408763898
5,0.6992002742732363,0.5232903865213082,0.6955057386124488,0.5138613861386139,0.3394375408763898
6,0.692559837763326,0.5289890981169475,0.6946569133513044,0.4861386138613861,0.3271152564956695
7,0.691821994287644,0.5324578790882062,0.7000591062083102,0.5138613861386139,0.3394375408763898
8,0.6906509906260299,0.5379088206144698,0.7027654744610928,0.5138613861386139,0.3394375408763898
