Epoch,Train_Loss,Train_Accuracy,Val_Loss,Val_Accuracy,Val_F1
1,0.8106506742123616,0.5439163971137099,0.6896640596698173,0.5781094527363184,0.36633039092055486
2,0.6868680390175019,0.5673052998258273,0.6809029288552887,0.5781094527363184,0.36633039092055486
3,0.6894860132531344,0.5538691216720577,0.6808191611399105,0.5781094527363184,0.36633039092055486
4,0.6859915706167532,0.564319482458323,0.6811345271803253,0.5781094527363184,0.36633039092055486
5,0.685779779697123,0.5640706643443643,0.6868303051042319,0.5781094527363184,0.36633039092055486
6,0.6865936006352391,0.5655635730281164,0.690679336009334,0.5781094527363184,0.36633039092055486
7,0.6849159903270031,0.5653147549141577,0.6862565997228101,0.5781094527363184,0.36633039092055486
8,0.6865727809508305,0.5610848469768599,0.6816643133685364,0.5781094527363184,0.36633039092055486
9,0.6839605652891483,0.5645683005722817,0.688082717069939,0.5781094527363184,0.36633039092055486
