Epoch,Train_Loss,Train_Accuracy,Val_Loss,Val_Accuracy,Val_F1
1,0.7725905983344369,0.5314009661835749,0.6908915457117972,0.5376447876447876,0.40787355725230917
2,0.6883728675796214,0.5480676328502415,0.6899930600033763,0.5357142857142857,0.40540121302371757
3,0.6971770814651452,0.5396135265700484,0.702196893544731,0.5366795366795367,0.3492462311557789
4,0.691263328715799,0.5458937198067633,0.6901092080536037,0.5366795366795367,0.3492462311557789
5,0.6882195824010361,0.5531400966183575,0.6899182264869278,0.5366795366795367,0.3492462311557789
6,0.6880933236960628,0.5526570048309178,0.6903675957996412,0.5444015444015444,0.4250616099478902
7,0.6906150673322632,0.5432367149758454,0.6950781923003179,0.46332046332046334,0.316622691292876
8,0.6885749845113155,0.5519323671497585,0.6957138406263815,0.5366795366795367,0.3492462311557789
9,0.6874728432024159,0.5471014492753623,0.7388844849059941,0.5366795366795367,0.3492462311557789
