Epoch,Train_Loss,Train_Accuracy,Val_Loss,Val_Accuracy,Val_F1
1,0.8498829301766833,0.49751614505712866,0.686799809203484,0.5630585898709036,0.3602287166454892
2,0.6971373475136831,0.5171385991058122,0.6913810252196265,0.5630585898709036,0.3602287166454892
3,0.697436148736587,0.5166418281172379,0.7034464424629553,0.4369414101290963,0.304077401520387
4,0.7044668703368215,0.5084451068057625,0.6958508389708775,0.4657398212512413,0.3818335752298016
5,0.6951336498528171,0.5156482861400894,0.6871865610735419,0.5630585898709036,0.3602287166454892
6,0.6958584842016255,0.5208643815201193,0.6867266804601372,0.5630585898709036,0.3602287166454892
7,0.7007442984898411,0.496274217585693,0.6885260521714477,0.5630585898709036,0.3602287166454892
8,0.696605105365738,0.5166418281172379,0.6903613210908233,0.5630585898709036,0.3602287166454892
