Epoch,Train_Loss,Train_Accuracy,Val_Loss,Val_Accuracy,Val_F1
1,0.8171327528475409,0.5133117690967902,0.6909574262538359,0.5333333333333333,0.34782608695652173
2,0.6964532963136263,0.5187857676038815,0.6928730162221994,0.5333333333333333,0.34782608695652173
3,0.6970762122949874,0.5036078626524011,0.7016268458532456,0.4666666666666667,0.3181818181818182
4,0.6997770493408435,0.5026125901965663,0.6912307634875549,0.5333333333333333,0.34782608695652173
5,0.7000515069733748,0.5155511321224185,0.6965522153460564,0.4666666666666667,0.3181818181818182
6,0.6974553298256118,0.5105747698432446,0.7020485447413886,0.5333333333333333,0.34782608695652173
7,0.6967764480786112,0.5150534958945011,0.6945198211503859,0.5333333333333333,0.34782608695652173
8,0.6961578789799033,0.5217715849713859,0.6929943264420353,0.5333333333333333,0.34782608695652173
