Epoch,Train_Loss,Train_Accuracy,Val_Loss,Val_Accuracy,Val_F1
1,0.8351898457333173,0.5028014616321559,0.6900658133315483,0.5394352482960078,0.3504111321948134
2,0.6994804700602858,0.5071863580998782,0.7133092124018721,0.4605647517039922,0.31533333333333335
3,0.7015402792867876,0.5108404384896468,0.6900230900338237,0.5394352482960078,0.3504111321948134
4,0.696039599753762,0.49792935444579783,0.6927436575685295,0.5394352482960078,0.3504111321948134
5,0.7024757067410867,0.4971985383678441,0.6901406840781275,0.5394352482960078,0.3504111321948134
6,0.69694033487996,0.5006090133982948,0.69401656635316,0.5394352482960078,0.3504111321948134
7,0.7013567957605137,0.4920828258221681,0.690001233294969,0.5394352482960078,0.3504111321948134
8,0.6977559874322034,0.5020706455542022,0.701763574255244,0.4605647517039922,0.31533333333333335
