Epoch,Train_Loss,Train_Accuracy,Val_Loss,Val_Accuracy,Val_F1
1,0.813076879626105,0.5453419226957383,0.6827334032200351,0.5732673267326732,0.3643801132787917
2,0.6920926962546243,0.543607532210109,0.6836928944776554,0.5732673267326732,0.3643801132787917
3,0.6905441382240848,0.5564915758176412,0.6835052727472664,0.5732673267326732,0.3643801132787917
4,0.6948337571472077,0.543607532210109,0.6834507389823989,0.5732673267326732,0.3643801132787917
5,0.6867882035768659,0.5688800792864221,0.6850734067435312,0.5732673267326732,0.3643801132787917
6,0.6913754574961893,0.5418731417244796,0.68728107332003,0.5732673267326732,0.3643801132787917
7,0.6876841068149676,0.5639246778989098,0.6931490718728245,0.5732673267326732,0.3643801132787917
8,0.6903225748224703,0.5609514370664024,0.6902652072434378,0.5732673267326732,0.3643801132787917
