Epoch,Train_Loss,Train_Accuracy,Val_Loss,Val_Accuracy,Val_F1
1,0.8738064585100626,0.5002415458937198,0.6928864963726648,0.5125482625482626,0.3388640714741544
2,0.6969875522281812,0.527536231884058,0.7043365325246539,0.5125482625482626,0.3388640714741544
3,0.6962828230166781,0.514975845410628,0.6935223488273768,0.5125482625482626,0.3388640714741544
4,0.6953595322111379,0.509903381642512,0.6957130802644266,0.49324324324324326,0.4560211230628441
5,0.7024914122434054,0.49975845410628017,0.6929146092830938,0.5125482625482626,0.3388640714741544
6,0.6954727585764898,0.5251207729468599,0.6947822628334223,0.5125482625482626,0.3388640714741544
7,0.700804543034466,0.49033816425120774,0.6936749712380663,0.5,0.457490729845248
8,0.6982761348503224,0.529951690821256,0.6989613736918534,0.5125482625482626,0.3388640714741544
