Epoch,Train_Loss,Train_Accuracy,Val_Loss,Val_Accuracy,Val_F1
1,0.8664792021914343,0.5062814070351759,0.6916558857423714,0.535140562248996,0.3485938521909745
2,0.6967782783148876,0.5261306532663317,0.6935046231411547,0.535140562248996,0.3485938521909745
3,0.6978012962556963,0.5195979899497487,0.6919843169101271,0.535140562248996,0.3485938521909745
4,0.6940634367453992,0.5263819095477387,0.6921857691194159,0.535140562248996,0.3485938521909745
5,0.693706567862525,0.5175879396984925,0.6947651823840467,0.464859437751004,0.317340644276902
6,0.6959964740815474,0.521105527638191,0.6924867539041971,0.535140562248996,0.3485938521909745
7,0.6968463983967077,0.5228643216080402,0.694970170896216,0.535140562248996,0.3485938521909745
8,0.694249626619732,0.5271356783919598,0.6926086379821041,0.535140562248996,0.3485938521909745
