Epoch,Train_Loss,Train_Accuracy,Val_Loss,Val_Accuracy,Val_F1
1,0.7846054963959535,0.5078322385042952,0.6920922521388893,0.5272727272727272,0.34523809523809523
2,0.6951771859510671,0.5234967155128853,0.6964981672739742,0.4727272727272727,0.32098765432098764
3,0.6961828597330457,0.5250126326427489,0.6938037856660708,0.5272727272727272,0.34523809523809523
4,0.6992973273543772,0.5179383527033855,0.7146585494580895,0.5272727272727272,0.34523809523809523
5,0.6907746770455416,0.543456291056089,0.6965084559989698,0.5272727272727272,0.34523809523809523
6,0.6933209825309014,0.5424456796361798,0.6924034052424961,0.5313131313131313,0.5092307692307692
7,0.6962174336798207,0.5353713996968166,0.693577969555903,0.5262626262626262,0.41030939357031365
8,0.6922571440427335,0.5305709954522486,0.7326512431857561,0.5272727272727272,0.34523809523809523
