Epoch,Train_Loss,Train_Accuracy,Val_Loss,Val_Accuracy,Val_F1
1,0.8785667679112051,0.5099354197714854,0.6868109632627493,0.5630585898709036,0.3602287166454892
