Epoch,Train_Loss,Train_Accuracy,Val_Loss,Val_Accuracy,Val_F1
1,0.7883675062591261,0.5419771485345256,0.7013242575002403,0.579940417080437,0.3670647391577624
